Ten_quan,Mon_an,Dia_chi,Co_so,Toa_do,Thoi_gian_mo_cua,Price,meal_type,cuisine
Bánh mì pate Hoàng Oanh,Bánh mì,8 Phan Văn Hân,"A, H","10.792965945777892, 106.70751606441773",14h-3h,25000,fast food,vietnamese
Bánh mì Kim Dung,Bánh mì,001 Lô L chung cư Ngô Gia Tự,B,"10.763035971530575, 106.67313032630565",6h-20h,30000,fast food,vietnamese
Cơm Tấm 2 Chị Em,Cơm tấm,682/20 Võ Văn Kiệt,B,"10.758552815673633, 106.69561235178075",16h-20h,65000,full meal,vietnamese
Lẩu cá dân ích,Lẩu cá,99 Châu Văn Liêm,B,"10.772575857917941, 106.76556421140246",16h-22h,350000,full meal,vietnamese
Bánh canh của 121,Bánh canh,121 Nguyễn Trãi,B,"10.762191997399778, 106.69604550666608",6h-10h,24000,full meal,vietnamese
Bánh mì Bà Hà,Bánh mì,"247 Hoàng Sa, Tân Định",A,"10.795360216393783, 106.68640315520324",06:00 - 17:00,20000,fast food,vietnamese
Thơm,Quán nước,42CT Tam Đảo,B,"10.78020804230009, 106.6648514122587",9h-24h,25000,snack,drinks
Bún bò Nam Hưng,Bún bò,"1 Công Trường Hoà Bình, P.19","A, H","10.792477431612225, 106.70845497787771",16h-21h,45000,full meal,vietnamese
Lẩu cù lao,Lẩu miền tây,"410 Nguyễn Xí, P.13","A, H","10.824028444810152, 106.7035404490427",15h30-22h,300000,full meal,vietnamese
Bếp Chảo nhà 56,Bánh mì chảo,53 Phan Đình Phùng,"A, H","10.793433918697724, 106.68602125218565",24/24,40000,full meal,vietnamese
Bánh Canh Càng Cúm,Bánh canh,108/22C Trần Quang DiệuPhường 14,A,"10.790260415650954, 106.67935809802415",08:00 - 21:00,55000,full meal,vietnamese
Bánh flan,Flan,"347/22 Minh Phụng, P.2",A,"10.758087633700303, 106.64348614904169",10:00 - 22:00,20000,snack,dessert
"Bún xào, mì xào, miến xào (ăn sáng)",Ăn sáng,"21 - 23 Nguyễn Thị Minh Khai , P. Bến Nghé",A,"10.770648186041187, 106.6872621913108",Sáng sớm,30000,fast food,vietnamese
Bò Kho Gánh,Bò kho,029 Lô H chung cư Ngô Gia Tự,B,"10.76198711178833, 106.67337164719325",11h-22h,50000,full meal,vietnamese
Bánh bò thốt nốt Baaboo,Bánh bò,"337/37 Nguyễn Đình Chiểu, P.5",A,"10.78665228570108, 106.68439201761696",,30000,snack,vietnamese
Bánh Xèo cô Nguyệt,Các loại bánh,023 Lô H chung cư Ngô Gia Tự,B,"10.762403741232394, 106.67345796059753",16h-20h,35000,full meal,vietnamese
Q Donuts,Mochi,"496 Nguyễn Tri Phương, Vườn Lài, Hồ Chí Minh, Việt Nam","A, H","10.767499228425809, 106.66790116623245",17h-hết,17000,snack,dessert
Trà sữa Together,Trà sữa,"200 Nguyễn Thượng Hiền, P. 5","A, H","10.79204928475001, 106.67372634663997",13:00 - 21:30,40000,snack,drinks
Bánh cuốn Quảng Đông,Bánh cuốn,"28 Dương Đình Nghệ, Q11",A,"10.761375998529795, 106.65095335428897",6h-15h,35000,full meal,vietnamese
Bánh mì Gánh siêu dài ngon,Bánh mì,"31 Tân Tiến, Tân Bình (6h-11h)",B,"10.773253332926869, 106.68669056858104",(6h-11h),25000,fast food,vietnamese
Lẩu Mini,Lẩu,577 Sư Vạn Hạnh Q10,B,"10.776962374386553, 106.66649655451265",10-22h,45000,full meal,vietnamese
Bánh bèo Dì Gái,Bánh bèo,"211/116 Hoàng Hoa Thám, Phú nhuận ","A, H","10.808784151252668, 106.6838852104105",14h-16h,30000,snack,vietnamese
Buffet YinShi,"Lẩu & Nướng, Dimsum","37B Đ. Cô Bắc, Phường Cầu Ông Lãnh",A,"10.765273950218766, 106.6953102624502",9h-21h30,269000,full meal,vietnamese
Bò bít tết cô út,bò,"009 Lô K chung cư Nguyễn Thiện Thuật, Q.3",A,"10.770246276885425, 106.67675161493757",6h-12h,80000,full meal,western
Đá me,Đá me,96 Cao Thắng,A,"10.77319672755609, 106.68790933496612",6h - 18h,18000,snack,drinks
Sul Bingsu,Bingsu,"219 Nguyễn Trãi, P. Nguyễn Cư Trinh",A,"10.765528990248074, 106.68787362197466",11h-22h,50000,snack,japanese
Hủ tiếu nam vang Chú Tứ,Hủ tiếu,"Đầu hẻm 73 Trần Bình Trọng, Q5",B,"10.754804177868747, 106.6823463373968",6h-22h,45000,full meal,vietnamese
Cơm Tấm,Cơm tấm,"25 Cô Giang, Phường Cầu Ông Lãnh",A,"10.76489055092608, 106.69657932196945",17h – 22h,38000,full meal,vietnamese
Bún mì vàng Tiến Phát,Bún mì hủ tiếu,177 Trần Quý,A,"10.758672472367948, 106.65533459821131",6h-22h,44000,full meal,vietnamese
Hủ tiếu bò viên Trường Sa,Hủ tiếu,"1046 Trường Sa, Q.3 
",A,"10.789814564043288, 106.65846286170769",(16-22h),45000,full meal,vietnamese
Quán ốc Hoa Sữa 29,Ốc,11 Hoa Sữa,"A, H","10.800991669481114, 106.69537913048401",15:00 - 23:59,60000,snack,vietnamese
Đá bào túi to đùng,Đá bào,"17 Trần Quang Khải, Tân Định",A,"10.792604172637855, 106.69543676429855",10h-23h,30000,snack,drinks
Dimsum Crystal Jade,Dimsum,"65 Lê Lợi, Sài Gòn",A,"10.77417090317596, 106.70084403407085",10h-21h,55000,full meal,vietnamese
Dimsum Hủ Tiếu Tân Sanh Hoạt,Hủ tiếu Dimsum,322 Nguyễn Thị Minh Khai,A,"10.772894245891989, 106.6893307889688",4h-12h,65000,full meal,vietnamese
Cơm tấm Heo Đất,Cơm sườn,"1196 Cách Mạng Tháng Tám, Phường 4",B,"10.792632532638248, 106.65501461433253",10h-22h,40000,full meal,vietnamese
Xủi cảo Hà Tôn Quyền,Xủi Cảo,"162 Hà Tôn Quyền, Q11",A,"10.758138107221038, 106.65348229294234",15h-0h,100000,full meal,vietnamese
Nem nướng Nha Trang Thiện Tâm,Nem nướng,"504 Minh Phụng, P.9",A,"10.76256047249249, 106.64531706623241",8h-23h,59000,full meal,vietnamese
Đặc sản Phan Rang 2 Phượng,"Bánh căn, bánh khọt","CC22 Trường Sơn, Cư Xá Bắc Hải, P.15",B,"10.782244192502661, 106.66464775785718",09:00 - 22:30,50000,full meal,vietnamese
Gum Fastfood,Món âu,245/1 Nguyễn Trãi,A,"10.764772790669818, 106.68770947778167",10h-21h30,5400000,full meal,western
Mì quảng O Hè,Mì quảng,"Cuối hẻm 315 Lê Văn Sỹ, phường 13",A,"10.786060000131926, 106.67858792390373",06:30 - 12:30,50000,full meal,vietnamese
Bánh mì Hồng,Bánh mì ba chỉ muối,"311 Nguyễn Tri Phương,",B,"10.76278923317551, 106.668245884127",17h30-24h,23000,fast food,vietnamese
Tré trộn Bà Đào,Tré trộn,"85 Rạch Bung Binh, Phường 9",A,"10.783471719463936, 106.68106480431088",09:00 - 22:00,50000,snack,vietnamese
Cơm tấm Cô Giang,Cơm tấm,"27 Cô Giang, Cầu Ông Lãnh",A,"10.765252361777225, 106.69636228359242",16-22h,40000,full meal,vietnamese
Nem lụi Cô Đào,Nem lụi cuốn,Hẻm 209 Lê Văn Sỹ,A,"10.786628260600315, 106.68054887732397",12:30 - 19:00,65000,full meal,vietnamese
Cơm gà xối mỡ ngon,Cơm gà,"702 Trường Sa, Phường 14",A,"10.791293553815917, 106.68171276992987",8h-18h,40000,full meal,vietnamese
Hủ tiếu Sườn sụn,Hủ tiếu,Hẻm 618 CMT8 (Đối diện CV Lê Thị Riêng),B,"10.787777966917075, 106.666570420334",17:00 - 22:00,50000,full meal,vietnamese
Học Lạc Dimsum,Dimsum,"38B Học Lạc, P.14",B,"10.752445177330063, 106.65538534479089",6h-12h | 15h-21h,45000,full meal,vietnamese
Mì quảng chuẩn vị miền Nam,Mì quảng bánh canh,"Hẻm 85 Trần Quang Diệu, P.13",A,"10.785225970903403, 106.67853027288577",06:00 - 12:00,55000,full meal,vietnamese
Miến gà trộn Đại Học Kiến Trúc,Miến trộn,"196 Pasteur, Vo Thi Sau",A,"10.782617919943313, 106.69450949137108",6h-12h,25000,full meal,vietnamese
Bò chảo Tân Định,Bò chảo,181 Đinh Tiên Hoàng,A,"10.791545912427635, 106.69619289129619",06:30 - 22:00,50000,full meal,vietnamese
Bún bò Ngọc Nhân,Bún bò,102 Ngô Thị Thu Minh,B,"10.79765153604219, 106.662518193134",07:30 - 13:00 | 16:30 - 21:00,60000,full meal,vietnamese
Lẩu bò 150 (Không gian cafe đẹp),Lẩu bò,"150 Phan Xích Long, Phú nhuận","A, H","10.7976855503638, 106.69199192020676",16h-23h,200000,full meal,vietnamese
Bánh canh cua Cầu Calmette,Bánh canh cua,"19 Calmette, Phường Nguyễn Thái Bình, Quận 1 ",A,"10.766548433147662, 106.70019106999563",11h - 17h,43000,full meal,vietnamese
Bánh canh của Cô Tư,Banh canh cua,"45 Bạch Vân, P.5, Quận 5",B,"10.751708844742936, 106.67561653554824",14h-18h,100000,full meal,vietnamese
Bánh mì thịt nướng đông khách,Bánh mì,"247 Hoàng Sa, Tân định",A,"10.795435082536848, 106.6863556066182",6h30-14h,30000,full meal,vietnamese
Núp Coffee & Tea,Cà phê trân châu,"45 Dương Đình Nghệ, P8, Q11
906 Trường Sa, P13, Q3
20 Tân Hoà Đông, P14, Q6
320 Bà Hạt, P9, Q10",B,"10.76223004788518, 106.65653435729021",08:00 - 22:00,60000,snack,drinks
Chickita - Gà nướng lửa hồng,Gà nướng,"82 Hồ Tùng Mậu, P. Bến Nghé,  Quận 1",A,"10.774465032754891, 106.70369775302065",10:30 - 20:45,650000,full meal,western
Ramen Danbo,Mì ramen,8a/7b1 Thái Văn Lung,A,"10.779957722324399, 106.70484372796514",8h-22h,85000,full meal,japanese
Xủi cảo Hà Tôn Quyền,Xủi Cảo,"162 Hà Tôn Quyền, Q11",A,"10.75807486562621, 106.65332136040982",15h-0h,100000,full meal,vietnamese
Mì Quảng Trộn Bắp Giò Cô Yến,Mì quảng,"736/31 Cách Mạng Tháng 8, Phường 5, Quận Tân Bình, Phường 05, Quận Tân Bình, Hồ Chí Minh",B,"10.789539735469072, 106.66340856425761","6-10h30; 14h30-18h30 (Thứ 6 nghỉ)
",40000,full meal,vietnamese
Lẩu Sa Tế Uyên Ương,Lẩu,"213 Trần Tuấn khải, P.7, Q.5",B,"10.75479603361158, 106.67261303554818",18h-23h,250000,full meal,vietnamese
3Ngon plus,Thịt nướng,"70 Đồng Nai, P.15, Q.10",B,"10.779978519347475, 106.66269781481111",6h-13h,17000,full meal,vietnamese
Bún xì dầu,Bún xì dầu,"01 Quách Văn Tuấn, p.12, Tân Bình",B,"10.789539735469072, 106.66338710658667",9h-20h,40000,full meal,vietnamese
Xôi Làng Nghề Quận 1,Xôi,"11E Nguyễn Thị Minh Khai, Q1",A,"10.786295980303079, 106.70131763546306",6h-2h sáng,30000,fast food,vietnamese
"Cơm Bình Nga
",Cơm chiên,"349 nguyễn công trứ, Quận 1",A,"10.766041169872826, 106.69834973546486","3h30 Ngã tư nguyễn công trứ - Yersin
5h 349 nguyễn công trứ, Quận 1
",30000,full meal,vietnamese
Bún bò hẻm Tô Hiến Thành,Bún bò,"273/1B Tô Hiến Thành Quận 10
",B,"10.778579873829939, 106.66659197843127",5h - 11h tỗi,50000,full meal,vietnamese
Bánh mì bơ Campuchia,Bánh mì,"175 Cống Quỳnh
",A,"10.766543429511682, 106.68900018520408",5.000đ - 15.000đ,15000,fast food,vietnamese
Hủ tiếu Dê GIA ĐẠT,Hủ tiếu,"111 Thái Phiên, P.2, Q.11",A,"10.758107872605317, 106.64643230061348","6h - 10h30
",120000,full meal,vietnamese
Bơ bán bò Xemisxis,"Bò nướng, các thứ món về bò","31E Lý Tự Trọng, Phường Bến Nghé, Quận 1",A,"10.779945883306345, 106.70285074895662",17g00-22g00,450000,full meal,vietnamese
Phá Lấu Lì,Phá lấu,"17A Nguyễn Thị Minh Khai, P. Bến Nghé",A,"10.78544324139256, 106.70043182012117",07:00 - 21:00,80000,full meal,vietnamese
Lẩu tôm hùm đại dương,Lẩu,"67 Lê Trung Nghĩa, Tân Bình",B,"10.80067698983648, 106.6504791777921",từ 5h chiều,140000,full meal,vietnamese
Amano Pizza,Pizza,"39/1 Nguyễn Trãi, Bến Thành, Hồ Chí Minh",A,"10.77046577807741, 106.69272493890608",17:00 - 19:30,28000,full meal,western
BÚN THÁI CHỢ CAO ĐẠT,Bún mắm,"Chợ Cao Đạt, 197 Cao Đạt, Phường 01",B,"10.753961794898494, 106.68393767362646",8H-15H,89000,full meal,vietnamese
BÁNH MÌ CHẢO ĐẶNG TRẦN CÔN,Bánh mì chảo,"8 Đặng Trần Côn, Q.1, HCM",A,"10.77242225162849, 106.69441476106651",4:00-11:00,48000,full meal,vietnamese
Bún thịt nướng sốt đậu miền Trung,Bún thịt nướng,"64 Hồng Hà, Phường 02, Quận Tân Bình, Hồ Chí Minh",B,"10.814637661489057, 106.67252811116839",8:30 - 21:30,45000,full meal,vietnamese
Bò La Lốt Hoa Trang,Bò là lốt,"100b Thích Quảng Đức, Phường 5, Phú Nhuận","A, H","10.806564945058025, 106.6810002091157",15h-21h,75000,full meal,vietnamese
Bún Thái - Kiểu Hongkong,Bún thái,"456 Sư Vạn Hạnh, P. 9, ",B,"10.766210069198099, 106.67281905828469",07:30 - 13:30 | 16:00 - 21:30,70000,full meal,vietnamese
Cơm tấm Nạc giòn,Cơm tấm,"33/16 Nguyễn Đình Chính,  Quận Phú Nhuận, T","A, H","10.796900741295058, 106.68274894504826",05:30 - 11:00,60000,full meal,vietnamese
"Thằng Đậu - Bún Bò, Lẩu Bò",Lẩu bò,"566 Sư Vạn Hạnh, P. 10,  Quận 10",B,"10.770295723374607, 106.67154065504948",06:00 - 23:00,300000,full meal,vietnamese
Bò City,"Bò nướng, lẩu bò mắm ruốc",5 Thành Thái,B,"10.777124101117726, 106.6639875408851",07:00 - 23:00,300000,snack,vietnamese
Ẩm Thực Quê Nhà,Cơm,"5 Thành Thái, P. 14,  Quận 10",B,"10.769451526099171, 106.66633226863472",07:00 - 23:00,60000,full meal,vietnamese
Xôi Lan Anh,Xôi mặn,Chợ Phùng Hưng,B,"10.753410357629013, 106.65816599876484",6h-10h,35000,fast food,vietnamese
Vua Đậu - Bún đậu nhà vua,Bún đậu,"29 Đ. Thành Thái, Diên Hồng, Hồ Chí Minh ",B,"10.771759748577399, 106.66565635199782",10:00 - 21:51,60000,full meal,vietnamese
Thịt xiên nướng - Cơm Lam,Thịt xiên nướng,"48 Đồng Đen, P.12",B,"10.795453431761723, 106.64533338070139",16h-22h,20000,full meal,vietnamese
Osaka Ramen,Mì Ramen,64 Nguyễn Thời Trung,B,"10.75230019646709, 106.67030920856122",11:00 - 22:00,60000,full meal,japanese
Bít tết 015,Bò beefsteak,015F Chung cư Ấn Quang,B,"10.76492508035533, 106.67124666691375",08:00 - 21:00,99000,full meal,western
Cơm Tấm Hẻm 33,Cơm tấm,"33/16 Nguyễn Đình Chính, phường 8, Phú Nhuận","A, H","10.796624362396598, 106.68000791096405",05:30 - 11:00,60000,full meal,vietnamese
Bún thái Cơm Việt,Bún mắm,"Chợ Nguyễn Tri Phương, Quận 10",B,"10.76215911639767, 106.66819054910452",,45000,full meal,vietnamese
Miến măng vịt,Miến vịt,181 Bùi Thị Xuân,B,"10.795593792784443, 106.66421320665734",11h-21h,50000,full meal,vietnamese
Bánh canh Cá Lóc Quảng Trị O Hiền ngon 30k,Bánh canh,12/20 Phạm Văn Hai,B,"10.798193852407962, 106.66425319132078",12h-19h,30000,full meal,vietnamese
Bún đầu Tiến Vua,Bún đậu,"29 Thành Thái, P. 14,  Quận 10,",B,"10.773192696178922, 106.67195766271008",10:00 - 21:51,86000,full meal,vietnamese
Kem Chiên,Kem Chiên,177 Hải Thượng Lãn Ông,B,"10.750687937844178, 106.65900288527138",18h-22h,45000,snack,dessert
Lẩu bò kho Xương ống,Lẩu bò,"207/6 Trần Bình Trọng, ",B,"10.759117331946223, 106.68089530246196",16h30-22h,160000,full meal,vietnamese
Xôi Ngọc,Xôi mặn,509 CMT8,B,"10.785328789102122, 106.67178594546704",16h-23h,35000,fast food,vietnamese
Tất Ký Mì Gia,Mì thập cẩm,499/4A CMT8,B,"10.782498495946738, 106.67298607418056",7h-11h (T3-CN) ; 16h-23h (t2-CN),70000,full meal,vietnamese
Cơm tấm Xí Muội - Nem nướng buôn mê,Cơm tấm,"1090 Lạc Long Quân, P.8, Tân Bình",B,"10.785169441518338, 106.65106614897121","Cơm tấm: 7h - 19h (T2-T7) ; 7h - 15h (Chủ Nhật)
Nem nướng: 16h - 21h",50000,full meal,vietnamese
Bánh mì Tăng,Bánh mì,"822 Nguyễn Trãi, quận 5",B,"10.753232098190846, 106.65794719137065",5h30-23h30,20000,fast food,vietnamese
Aroy Thái,Mì - Hủ tiếu thái,86 Hoa Cúc,"A, H","10.798410552288194, 106.6896225219695",7h-21h,65000,full meal,vietnamese
Bánh Flan Hoài Thương,Ăn vặt,10 Cô Giang,"A, H","10.795637897962266, 106.68288106247007",10:00 - 22:00,30000,snack,dessert
Sủi cảo Huy Ngân,Sủi cảo,"538 Lý Thái Tổ, P. 10",B,"10.768109728083516, 106.67124521835787",10:00 - 22:00,50000,full meal,vietnamese
Chè Thạch Xanh,Chè,"91 Lý Thường Kiệt, P.7",B,"10.76056813231064, 106.66128395089034",18:00 - 21:00,14000,snack,dessert
Tiềm Ngã Ba Đường,Ăn vặt,"Y12 Hồng Lĩnh, P. 15",B,"10.78063109488847, 106.66377570911537",13:00 - 22:00,30000,snack,vietnamese
Khanh - Bánh Khọt Vũng Tàu,Bánh khọt,"7 Đồng Nai, P. 15",B,"10.779749663498556, 106.66271625273917",10:00 - 21:00,50000,full meal,vietnamese
Tiệm mì Chọn Tui,Mì,"292 Tô Hiến Thành, P. 15",B,"10.777587064409405, 106.66487912815435",07:30 - 21:15,45000,full meal,vietnamese
Shabu Ya - Vạn Hạnh Mall,Lẩu Nhật,"Tầng 6,  19 Tầng 6 Vạn Hạnh Mall, 11 Sư Vạn Hạnh, P. 12",B,"10.77132688551971, 106.66989362815431",10:00 - 21:30,428000,full meal,japanese
Bánh Canh Trảng Bàng,Bánh canh,"439-441 Nguyễn Tri Phương, P. 8",B,"10.765255716977665, 106.67020470012156",10:00 - 22:00,60000,full meal,vietnamese
Tân Hương Nam Quán,Mì sụn Bạc Liêu,"382 Bà Hạt, P.8",B,"10.766098577130355, 106.66934638978903",08:00 - 22:00,80000,full meal,vietnamese
STEAK FRITES SAIGON,Steak và spaghetti,"7/96 Thành Thái, P. 14",B,"10.770893285823547, 106.67474097362664",10:00-14:00 | 18:00-21:00,150000,full meal,western
Ốc Bông,Ốc,"260 Nguyễn Tiểu La, P.8",B,"10.768311198480282, 106.6729159669025",16:00-23:00,100000,snack,vietnamese
Thanh Tâm Ký,Bò Kho & Hủ Tiếu Mì,51 Trần Hữu Trang,"A, H","10.794157742537477, 106.67380754895663",05:30 - 13:30,30000,full meal,vietnamese
Cơm Tấm Bà Chị Hai,Câm tấm,"51 Đặng Văn Ngữ , P. 14","A, H","10.79336505985468, 106.66875929131196",18:00 - 22:00,70000,full meal,vietnamese
Tiệm Bún Đậu CÁM,Bún đậu,"206 Nguyễn Tri Phương, P. 4",B,"10.76109287218412, 106.66936586623243",10:00 - 22:00,100000,full meal,vietnamese
Nước Vỉa Hè 347,Trà đào dầm,347 Nguyễn Chí Thanh,B,"10.756907214989518, 106.65477720301561",19:00 - 23:00,15000,snack,drinks
Ốc Sữa 29,Óc,"11 Hoa Sữa, P. 7","A, H","10.798441496840091, 106.69129077782542",15:00 - 23:59,50000,snack,vietnamese
Lẩu Bò Hẻm 616,Lẩu bò,"Hẻm 616 Cách Mạng Tháng 8, P. 11",B,"10.786730356904087, 106.66587724719368",18:00 - 22:00,200000,full meal,vietnamese
Bò lá lốt mỡ chài,bò lá lốt,129/12B Hoàng Văn Thụ p8,"A, H","10.7987850578594, 106.67555567776468",15:00 đến hết,80000,full meal,vietnamese
Cơm tấm Phúc Lộc Thọ,Cơm,"353 Sư Phạm Hạnh, P12",B,"10.77026696827088, 106.67124453129769",10:00 - 21:30,80000,full meal,vietnamese
Thèm Gì Cũng Có,Bánh tráng tóp mỡ,"327 Phan Đình Phùng, P. 15","A, H","10.798447046574116, 106.68057382198928",09:00 - 22:00,75000,snack,vietnamese
Vua Mì Bò,Mì bò hầm,190 Cao Thắng P. 11,B,"10.774528520553543, 106.6800403300372",11:00 - 23:59,50000,full meal,vietnamese
Nhà Thơm,Trà trái cây,"42CT Tam Đảo, Cư Xá Bắc Hải, P. 15",B,"10.780186963314367, 106.66457246253555",08:00 - 22:00,30000,snack,drinks
Bún Bò Cô Thu,Bún bò,463B Cách Mạng Tháng 8,B,"10.788314248062061, 106.68574300074364",15:30 - 00:00,40000,full meal,vietnamese
MỘC,Bò bít tết,11 Công Chúa Ngọc Hân. P. 13,A,"10.764047652297048, 106.6564173080078",07:30 - 12:00 | 18:30 - 21:00,75000,full meal,vietnamese
Hẻm nướng 197,Đồ nướng,"197 Ngô Quyền, P. 6,",B,"10.764397290374706, 106.66488828527156",18:30 - 21:00,500000,full meal,vietnamese
Mì Cay Asan,Mỳ cay,"168 Đường Trịnh Quang Nghị, Bình Đông, Hồ Chí Minh, Việt Nam",N,"10.707094025232912, 106.62479411840411",9:00 - 22:00,100000,full meal,korean
Phở Kiều Oanh,Phở,"3 Phú Định, Bình Đông, Hồ Chí Minh, Việt Nam",N,"10.709661661162412, 106.6226899622676",7:00 - 21:30,70000,full meal,vietnamese
Happy Coffee,Cafe,"Chung cư Phú Lợi/Lô A D1, Khu dân cư Phú Lợi, Bình Đông, Hồ Chí Minh, Việt Nam",N,"10.70357922119857, 106.6198883711478",05:00 – 20:00,60000,snack,drinks
Ẩm thực Nhớ - KDC Phi Long 5 (Mizuki Park),Lẩu nướng,"Số 1, khu Dân Cư, Bình Hưng, Hồ Chí Minh",N,"10.721862164535898, 106.66306929580198",08:00 - 23:00,470000,full meal,vietnamese
Quán ăn vườn Táo 1,lẩu,"Bình Hưng, Hồ Chí Minh, Việt Nam",N,"10.690677726171957, 106.63106711114261",08:00 - 23:01,90000,full meal,vietnamese
Quán Càfê Sân Vườn Góc Phố,Cà phê trân châu,"Đường Ấp 6, Ấp 1, Hưng Long, Hồ Chí Minh, Việt Nam",N,"10.68298988616398, 106.62154521725257",08:00 - 23:02,90000,snack,drinks
Chicken Plus Bình Chánh,Gà rán,"Khu Dân Cư, Đường 5B/22 An Phú Tây - Hưng Long, Bình Chánh, Hồ Chí Minh 00084, Việt Nam",N,"10.683573085710622, 106.61348913553608",10:00–20:30,150000,fast food,western
Quán Ăn Như Ý quán bò bít tết,Bò bít tết,"Đường số 8 KDC, Ấp 2, Bình Chánh, Hồ Chí Minh, Việt Nam",N,"10.68201081437448, 106.61407015088612",06:00–21:00,135000,full meal,western
Bún Đậu Mẹt An Phú Tây,Bún đậu,"11 Đường số 3, Bình Chánh, Hồ Chí Minh, Việt Nam",N,"10.68063647148412, 106.61355932202797",09:00–21:30,80000,full meal,vietnamese
Quán Bún đậu mắm tôm quê tôi ăn vặt lẩu 39k,Bún đậu,"823 An Phú Tây - Hưng Long, Hưng Long, Hồ Chí Minh, Việt Nam",N,"10.669667103420448, 106.61472410929647",09:00–21:31,75000,snack,vietnamese
"Lẩu gà nòi - Hưng Long, Bình Chánh",Lẩu,"MJ76+C25, An Phú Tây - Hưng Long, Ấp 4, Hưng Long, Hồ Chí Minh, Việt Nam",N,"10.66361473556098, 106.61123626327453",16:00–21:00,420000,full meal,vietnamese
Ẩm thực Hương Sen,Cơm gia đình,"157 ấp 18, Hưng Long, Hồ Chí Minh 739300",N,"10.679363860236517, 106.63982829395584",10:00–20:30,80000,full meal,vietnamese
Nhà Hàng Ẩm Thực MỘC SƠN,Cơm gia đình,"8-10-12 Đường số 3, KDC Bến Lức, Bình Đông, Hồ Chí Minh, Việt Nam",N,"10.696046090301442, 106.60928159904365",09:30–00:00,2000000,full meal,vietnamese
Lẩu Dê Đức Lộc Phát,Lẩu dê,"Đ. Song Hành QL50, Khu dân cư Việt Phú Garden, Hưng Long, Hồ Chí Minh, Việt Nam",N,"10.679048253661065, 106.64895147073415",11:00–23:00,1000000,full meal,vietnamese
Quán Ốc Gia Đình,Ốc,"30 Đ. Số 19, Khu dân cư Việt Phú Garden, Bình Hưng, Hồ Chí Minh, Việt Nam",N,"10.688386260018234, 106.64431189588521",15:00–23:30,50000,snack,vietnamese
Lẩu Mini 39k,Lẩu mini,"A12, ấp1, 2001 ấp1, Bình Hưng, Hồ Chí Minh, Việt Nam",N,"10.686146258538614, 106.65253119245624",16:00–21:00,40000,full meal,vietnamese
Mr. Pokki Korean,Đồ Hàn,"1J Đường số 12, Khu dân cư phong Phú 4, Bình Hưng, Hồ Chí Minh, Việt Nam",N,"10.694901838107265, 106.64721423326164",16:00–22:00,350000,full meal,korean
MẸT RESTAURANT,Bún đậu mắm tôm,"115 Đường Số 14, Khu dân cư Việt Phú Garden, Bình Hưng, Hồ Chí Minh, Việt Nam",N,"10.691056192063991, 106.64272676219612",10:00–21:30,160000,full meal,vietnamese
Bánh Kem Ngọc Hiền,Bánh kem,"2861 Phạm Thế Hiển, Bình Đông, Hồ Chí Minh, Việt Nam",N,"10.720171149619967, 106.63413938087031",0:00 - 24:00,500000,snack,dessert
Cút quay KuBum,Cút quay,"61 An Dương Vương, An Lạc, Hồ Chí Minh, Việt Nam",N,"10.716298078912539, 106.61897830187215",8:00 - 23:00,120000,full meal,vietnamese
